name,category,serving_unit,serving_g,kcal,protein_g,carbs_g,fats_g,portion_icon,tags
Idli,snack,piece,50,75,2,15,0,piece,low_gi
Dosa,snack,piece,100,160,4,28,4,piece,high_carbs
Sambar,dal,katori,150,110,4,16,4,katori,high_protein
Coconut Chutney,other,katori,30,80,1,3,7,small_katori,high_fat
Tomato Chutney,other,katori,30,40,1,4,2,small_katori,vegan
Upma,snack,katori,150,200,4,30,6,katori,vegan
Poha,snack,katori,150,180,3,32,4,katori,vegan
Boiled Egg,protein,piece,50,70,6,0,5,piece,high_protein|keto_friendly
Omelette,protein,piece,80,120,10,1,9,piece,high_protein|keto_friendly
Chapati,roti,piece,40,120,4,22,2,piece,vegan
Rice,rice,katori,150,200,4,45,0,katori,vegan
Dal Tadka,dal,katori,150,140,7,20,4,katori,high_protein|vegan
Rajma Masala,curry,katori,150,160,8,24,4,katori,high_protein|vegan
Chole Masala,curry,katori,150,170,7,25,5,katori,high_protein|vegan
Paneer Butter Masala,curry,katori,150,280,10,10,22,katori,high_protein|high_fat
Chicken Curry,curry,katori,150,220,18,5,12,katori,high_protein
Mixed Veg Sabzi,sabzi,katori,100,80,2,10,4,katori,vegan|high_fiber
Bhindi Fry,sabzi,katori,100,100,2,8,7,katori,vegan
Curd,other,katori,100,60,3,4,3,katori,high_calcium
Milk,beverage,glass,200,120,6,10,6,glass,high_calcium
Tea,beverage,small_katori,100,40,1,8,1,small_katori,beverage
Coffee,beverage,small_katori,100,50,1,10,1,small_katori,beverage
Gulab Jamun,sweet,piece,40,150,2,22,6,piece,sweet
Rasgulla,sweet,piece,40,120,2,28,0,piece,sweet
Banana,snack,piece,100,90,1,23,0,piece,vegan|high_potassium
