mess_name,day_of_week,meal_type,dish_name
Amrita CB Boys A,0,breakfast,Idli
Amrita CB Boys A,0,breakfast,Sambar
Amrita CB Boys A,0,breakfast,Coconut Chutney
Amrita CB Boys A,0,breakfast,Tea
Amrita CB Boys A,0,lunch,Rice
Amrita CB Boys A,0,lunch,Chapati
Amrita CB Boys A,0,lunch,Rajma Masala
Amrita CB Boys A,0,lunch,Curd
Amrita CB Boys A,0,snack,Upma
Amrita CB Boys A,0,snack,Tea
Amrita CB Boys A,0,dinner,Rice
Amrita CB Boys A,0,dinner,Chapati
Amrita CB Boys A,0,dinner,Dal Tadka
Amrita CB Boys A,0,dinner,Mixed Veg Sabzi

Amrita CB Boys A,1,breakfast,Dosa
Amrita CB Boys A,1,breakfast,Sambar
Amrita CB Boys A,1,breakfast,Tomato Chutney
Amrita CB Boys A,1,breakfast,Coffee
Amrita CB Boys A,1,lunch,Rice
Amrita CB Boys A,1,lunch,Chapati
Amrita CB Boys A,1,lunch,Chole Masala
Amrita CB Boys A,1,lunch,Curd
Amrita CB Boys A,1,snack,Poha
Amrita CB Boys A,1,snack,Tea
Amrita CB Boys A,1,dinner,Rice
Amrita CB Boys A,1,dinner,Chapati
Amrita CB Boys A,1,dinner,Paneer Butter Masala
Amrita CB Boys A,1,dinner,Gulab Jamun

Amrita CB Boys A,2,breakfast,Upma
Amrita CB Boys A,2,breakfast,Coconut Chutney
Amrita CB Boys A,2,breakfast,Banana
Amrita CB Boys A,2,breakfast,Milk
Amrita CB Boys A,2,lunch,Rice
Amrita CB Boys A,2,lunch,Chapati
Amrita CB Boys A,2,lunch,Dal Tadka
Amrita CB Boys A,2,lunch,Bhindi Fry
Amrita CB Boys A,2,snack,Sambar
Amrita CB Boys A,2,snack,Idli
Amrita CB Boys A,2,dinner,Rice
Amrita CB Boys A,2,dinner,Chapati
Amrita CB Boys A,2,dinner,Chicken Curry
Amrita CB Boys A,2,dinner,Rasgulla

Amrita CB Boys A,3,breakfast,Idli
Amrita CB Boys A,3,breakfast,Sambar
Amrita CB Boys A,3,breakfast,Coconut Chutney
Amrita CB Boys A,3,breakfast,Tea
Amrita CB Boys A,3,lunch,Rice
Amrita CB Boys A,3,lunch,Chapati
Amrita CB Boys A,3,lunch,Rajma Masala
Amrita CB Boys A,3,lunch,Curd
Amrita CB Boys A,3,snack,Upma
Amrita CB Boys A,3,snack,Tea
Amrita CB Boys A,3,dinner,Rice
Amrita CB Boys A,3,dinner,Chapati
Amrita CB Boys A,3,dinner,Dal Tadka
Amrita CB Boys A,3,dinner,Mixed Veg Sabzi

Amrita CB Boys A,4,breakfast,Dosa
Amrita CB Boys A,4,breakfast,Sambar
Amrita CB Boys A,4,breakfast,Tomato Chutney
Amrita CB Boys A,4,breakfast,Coffee
Amrita CB Boys A,4,lunch,Rice
Amrita CB Boys A,4,lunch,Chapati
Amrita CB Boys A,4,lunch,Chole Masala
Amrita CB Boys A,4,lunch,Curd
Amrita CB Boys A,4,snack,Poha
Amrita CB Boys A,4,snack,Tea
Amrita CB Boys A,4,dinner,Rice
Amrita CB Boys A,4,dinner,Chapati
Amrita CB Boys A,4,dinner,Paneer Butter Masala
Amrita CB Boys A,4,dinner,Gulab Jamun

Amrita CB Boys A,5,breakfast,Upma
Amrita CB Boys A,5,breakfast,Coconut Chutney
Amrita CB Boys A,5,breakfast,Banana
Amrita CB Boys A,5,breakfast,Milk
Amrita CB Boys A,5,lunch,Rice
Amrita CB Boys A,5,lunch,Chapati
Amrita CB Boys A,5,lunch,Dal Tadka
Amrita CB Boys A,5,lunch,Bhindi Fry
Amrita CB Boys A,5,snack,Sambar
Amrita CB Boys A,5,snack,Idli
Amrita CB Boys A,5,dinner,Rice
Amrita CB Boys A,5,dinner,Chapati
Amrita CB Boys A,5,dinner,Chicken Curry
Amrita CB Boys A,5,dinner,Rasgulla

Amrita CB Boys A,6,breakfast,Idli
Amrita CB Boys A,6,breakfast,Sambar
Amrita CB Boys A,6,breakfast,Coconut Chutney
Amrita CB Boys A,6,breakfast,Tea
Amrita CB Boys A,6,lunch,Rice
Amrita CB Boys A,6,lunch,Chapati
Amrita CB Boys A,6,lunch,Rajma Masala
Amrita CB Boys A,6,lunch,Curd
Amrita CB Boys A,6,snack,Upma
Amrita CB Boys A,6,snack,Tea
Amrita CB Boys A,6,dinner,Rice
Amrita CB Boys A,6,dinner,Chapati
Amrita CB Boys A,6,dinner,Dal Tadka
Amrita CB Boys A,6,dinner,Mixed Veg Sabzi
